{"cameraMode":{"drawMode":0,"name":"Shaded","section":"Shading Mode"},"sceneLighting":true,"audioPlay":false,"sceneViewState":{"m_AlwaysRefresh":false,"showFog":true,"showSkybox":true,"showFlares":true,"showImageEffects":true,"showParticleSystems":true,"showVisualEffectGraphs":true,"m_FxEnabled":true},"in2DMode":false,"pivot":{"x":0.7720000743865967,"y":2.2039999961853029,"z":1.6646003723144532},"rotation":{"x":-0.10404180735349655,"y":0.7792872190475464,"z":-0.1344214826822281,"w":-0.6031851172447205},"size":0.3453945517539978,"orthographic":false}